,country,year,value
0,Afghanistan,2005,0.405
1,Albania,2005,0.696
2,Algeria,2005,0.6859999999999999
3,Andorra,2005,
4,Angola,2005,0.439
5,Antigua and Barbuda,2005,0.773
6,Argentina,2005,0.782
7,Armenia,2005,0.6920000000000001
8,Australia,2005,0.915
9,Austria,2005,0.8540000000000001
10,Azerbaijan,2005,0.682
11,Bahamas,2005,0.7879999999999999
12,Bahrain,2005,0.81
13,Bangladesh,2005,0.506
14,Barbados,2005,0.7659999999999999
15,Belarus,2005,0.723
16,Belgium,2005,0.865
17,Belize,2005,0.6920000000000001
18,Benin,2005,0.434
19,Bhutan,2005,
20,Bolivia,2005,0.625
21,Bosnia-Herzegovina,2005,0.6970000000000001
22,Botswana,2005,0.61
23,Brazil,2005,0.698
24,Brunei Darussalam,2005,0.8370000000000001
25,Bulgaria,2005,0.75
26,Burkina Faso,2005,0.325
27,Burundi,2005,0.29
28,Cabo Verde,2005,0.596
29,Cambodia,2005,0.483
30,Cameroon,2005,0.456
31,Canada,2005,0.8909999999999999
32,Central African Republic,2005,0.32299999999999995
33,Chad,2005,0.303
34,Chile,2005,0.7959999999999999
35,China,2005,0.6459999999999999
36,Colombia,2005,0.669
37,Comoros,2005,0.451
38,Congo,2005,0.507
39,DR Congo,2005,0.364
40,Costa Rica,2005,0.727
41,Croatia,2005,0.7829999999999999
42,Cuba,2005,0.732
43,Cyprus,2005,0.8290000000000001
44,Czech Republic,2005,0.847
45,Ivory Coast,2005,0.413
46,Denmark,2005,0.902
47,Djibouti,2005,0.405
48,Dominica,2005,0.705
49,Dominican Republic,2005,0.677
50,Ecuador,2005,0.693
51,Egypt,2005,0.636
52,El Salvador,2005,0.6509999999999999
53,Equatorial Guinea,2005,0.569
54,Eritrea,2005,0.405
55,Estonia,2005,0.8220000000000001
56,Ethiopia,2005,0.34600000000000003
57,Fiji,2005,0.695
58,Finland,2005,0.8690000000000001
59,France,2005,0.87
60,Gabon,2005,0.6459999999999999
61,Gambia,2005,0.415
62,Georgia,2005,0.7140000000000001
63,Germany,2005,0.892
64,Ghana,2005,0.51
65,Greece,2005,0.85
66,Grenada,2005,
67,Guatemala,2005,0.57
68,Guinea,2005,0.35600000000000004
69,Guinea-Bissau,2005,0.38799999999999996
70,Guyana,2005,0.622
71,Haiti,2005,0.455
72,Honduras,2005,0.583
73,"Hong Kong, China (SAR)",2005,0.87
74,Hungary,2005,0.802
75,Iceland,2005,0.884
76,India,2005,0.536
77,Indonesia,2005,0.632
78,Iran,2005,0.6920000000000001
79,Iraq,2005,0.631
80,Ireland,2005,0.8959999999999999
81,Israel,2005,0.87
82,Italy,2005,0.856
83,Jamaica,2005,0.7090000000000001
84,Japan,2005,0.873
85,Jordan,2005,0.733
86,Kazakhstan,2005,0.747
87,Kenya,2005,0.483
88,Kiribati,2005,0.5760000000000001
89,Korea (Republic of),2005,0.86
90,Kuwait,2005,0.787
91,Kyrgyzstan,2005,0.613
92,Laos,2005,0.503
93,Latvia,2005,0.807
94,Lebanon,2005,0.733
95,Lesotho,2005,0.43700000000000006
96,Liberia,2005,0.377
97,Libya,2005,0.752
98,Liechtenstein,2005,0.8859999999999999
99,Lithuania,2005,0.807
100,Luxembourg,2005,0.88
101,Madagascar,2005,0.478
102,Malawi,2005,0.377
103,Malaysia,2005,0.732
104,Maldives,2005,0.622
105,Mali,2005,0.35
106,Malta,2005,0.809
107,Mauritania,2005,0.466
108,Mauritius,2005,0.713
109,Mexico,2005,0.723
110,Micronesia (Federated States of),2005,0.622
111,Moldova,2005,0.648
112,Mongolia,2005,0.649
113,Montenegro,2005,0.7509999999999999
114,Morocco,2005,0.575
115,Mozambique,2005,0.353
116,Myanmar,2005,0.474
117,Namibia,2005,0.57
118,Nepal,2005,0.47600000000000003
119,Netherlands,2005,0.893
120,New Zealand,2005,0.888
121,Nicaragua,2005,0.597
122,Niger,2005,0.28600000000000003
123,Nigeria,2005,0.466
124,Norway,2005,0.9309999999999999
125,Oman,2005,0.748
126,Pakistan,2005,0.501
127,Palau,2005,0.758
128,"Palestine, State of",2005,0.6559999999999999
129,Panama,2005,0.7440000000000001
130,Papua New Guinea,2005,0.45399999999999996
131,Paraguay,2005,0.648
132,Peru,2005,0.693
133,Philippines,2005,0.6459999999999999
134,Poland,2005,0.8029999999999999
135,Portugal,2005,0.7929999999999999
136,Qatar,2005,0.835
137,Romania,2005,0.755
138,Russian Federation,2005,0.754
139,Rwanda,2005,0.40399999999999997
140,Saint Kitts and Nevis,2005,
141,Saint Lucia,2005,0.6940000000000001
142,Saint Vincent and the Grenadines,2005,0.695
143,Samoa,2005,0.677
144,Sao Tome and Principe,2005,0.521
145,Saudi Arabia,2005,0.767
146,Senegal,2005,0.42200000000000004
147,Serbia,2005,0.7390000000000001
148,Seychelles,2005,0.728
149,Sierra Leone,2005,0.348
150,Singapore,2005,0.8390000000000001
151,Slovakia,2005,0.7929999999999999
152,Slovenia,2005,0.858
153,Solomon Islands,2005,0.47
154,South Africa,2005,0.609
155,South Sudan,2005,
156,Spain,2005,0.8440000000000001
157,Sri Lanka,2005,0.718
158,Sudan,2005,0.43
159,Suriname,2005,0.6779999999999999
160,Swaziland,2005,0.502
161,Sweden,2005,0.892
162,Switzerland,2005,0.904
163,Syrian Arab Republic,2005,0.636
164,Tajikistan,2005,0.579
165,Tanzania,2005,0.446
166,Thailand,2005,0.6859999999999999
167,Macedonia,2005,0.703
168,Timor-Leste,2005,0.511
169,Togo,2005,0.436
170,Tonga,2005,0.695
171,Trinidad and Tobago,2005,0.7509999999999999
172,Tunisia,2005,0.6890000000000001
173,Turkey,2005,0.687
174,Turkmenistan,2005,
175,Uganda,2005,0.434
176,Ukraine,2005,0.716
177,United Arab Emirates,2005,0.823
178,United Kingdom,2005,0.89
179,United States,2005,0.898
180,Uruguay,2005,0.7559999999999999
181,Uzbekistan,2005,0.626
182,Vanuatu,2005,0.5720000000000001
183,Venezuela,2005,0.7140000000000001
184,Vietnam,2005,0.618
185,Yemen,2005,0.475
186,Zambia,2005,0.479
187,Zimbabwe,2005,0.408
188,Afghanistan,2006,0.415
189,Albania,2006,0.703
190,Algeria,2006,0.69
191,Andorra,2006,
192,Angola,2006,0.45399999999999996
193,Antigua and Barbuda,2006,0.7809999999999999
194,Argentina,2006,0.7879999999999999
195,Armenia,2006,0.7070000000000001
196,Australia,2006,0.9179999999999999
197,Austria,2006,0.86
198,Azerbaijan,2006,0.708
199,Bahamas,2006,0.79
200,Bahrain,2006,0.813
201,Bangladesh,2006,0.513
202,Barbados,2006,0.7709999999999999
203,Belarus,2006,0.7390000000000001
204,Belgium,2006,0.871
205,Belize,2006,0.7
206,Benin,2006,0.43799999999999994
207,Bhutan,2006,
208,Bolivia,2006,0.626
209,Bosnia-Herzegovina,2006,0.703
210,Botswana,2006,0.63
211,Brazil,2006,0.7
212,Brunei Darussalam,2006,0.84
213,Bulgaria,2006,0.755
214,Burkina Faso,2006,0.33399999999999996
215,Burundi,2006,0.309
216,Cabo Verde,2006,0.602
217,Cambodia,2006,0.495
218,Cameroon,2006,0.456
219,Canada,2006,0.894
220,Central African Republic,2006,0.33
221,Chad,2006,0.306
222,Chile,2006,0.797
223,China,2006,0.659
224,Colombia,2006,0.675
225,Comoros,2006,0.45899999999999996
226,Congo,2006,0.517
227,DR Congo,2006,0.37
228,Costa Rica,2006,0.7340000000000001
229,Croatia,2006,0.7929999999999999
230,Cuba,2006,0.754
231,Cyprus,2006,0.836
232,Czech Republic,2006,0.851
233,Ivory Coast,2006,0.418
234,Denmark,2006,0.904
235,Djibouti,2006,0.41600000000000004
236,Dominica,2006,0.711
237,Dominican Republic,2006,0.685
238,Ecuador,2006,0.696
239,Egypt,2006,0.644
240,El Salvador,2006,0.657
241,Equatorial Guinea,2006,0.5870000000000001
242,Eritrea,2006,0.405
243,Estonia,2006,0.8290000000000001
244,Ethiopia,2006,0.36200000000000004
245,Fiji,2006,0.698
246,Finland,2006,0.873
247,France,2006,0.873
248,Gabon,2006,0.645
249,Gambia,2006,0.42
250,Georgia,2006,0.722
251,Germany,2006,0.898
252,Ghana,2006,0.519
253,Greece,2006,0.855
254,Grenada,2006,
255,Guatemala,2006,0.578
256,Guinea,2006,0.364
257,Guinea-Bissau,2006,0.39399999999999996
258,Guyana,2006,0.62
259,Haiti,2006,0.45799999999999996
260,Honduras,2006,0.59
261,"Hong Kong, China (SAR)",2006,0.8809999999999999
262,Hungary,2006,0.809
263,Iceland,2006,0.887
264,India,2006,0.546
265,Indonesia,2006,0.638
266,Iran,2006,0.7040000000000001
267,Iraq,2006,0.636
268,Ireland,2006,0.902
269,Israel,2006,0.872
270,Italy,2006,0.862
271,Jamaica,2006,0.7140000000000001
272,Japan,2006,0.877
273,Jordan,2006,0.736
274,Kazakhstan,2006,0.754
275,Kenya,2006,0.494
276,Kiribati,2006,0.574
277,Korea (Republic of),2006,0.867
278,Kuwait,2006,0.787
279,Kyrgyzstan,2006,0.618
280,Laos,2006,0.509
281,Latvia,2006,0.8140000000000001
282,Lebanon,2006,0.731
283,Lesotho,2006,0.44
284,Liberia,2006,0.38299999999999995
285,Libya,2006,0.7559999999999999
286,Liechtenstein,2006,0.89
287,Lithuania,2006,0.812
288,Luxembourg,2006,0.877
289,Madagascar,2006,0.483
290,Malawi,2006,0.387
291,Malaysia,2006,0.736
292,Maldives,2006,0.632
293,Mali,2006,0.363
294,Malta,2006,0.8079999999999999
295,Mauritania,2006,0.475
296,Mauritius,2006,0.72
297,Mexico,2006,0.731
298,Micronesia (Federated States of),2006,0.625
299,Moldova,2006,0.6559999999999999
300,Mongolia,2006,0.6609999999999999
301,Montenegro,2006,0.762
302,Morocco,2006,0.581
303,Mozambique,2006,0.36
304,Myanmar,2006,0.484
305,Namibia,2006,0.578
306,Nepal,2006,0.486
307,Netherlands,2006,0.899
308,New Zealand,2006,0.8909999999999999
309,Nicaragua,2006,0.601
310,Niger,2006,0.293
311,Nigeria,2006,0.47700000000000004
312,Norway,2006,0.934
313,Oman,2006,0.753
314,Pakistan,2006,0.505
315,Palau,2006,0.765
316,"Palestine, State of",2006,0.6559999999999999
317,Panama,2006,0.743
318,Papua New Guinea,2006,0.461
319,Paraguay,2006,0.649
320,Peru,2006,0.696
321,Philippines,2006,0.648
322,Poland,2006,0.8079999999999999
323,Portugal,2006,0.797
324,Qatar,2006,0.83
325,Romania,2006,0.7659999999999999
326,Russian Federation,2006,0.7609999999999999
327,Rwanda,2006,0.424
328,Saint Kitts and Nevis,2006,
329,Saint Lucia,2006,0.7070000000000001
330,Saint Vincent and the Grenadines,2006,0.7020000000000001
331,Samoa,2006,0.682
332,Sao Tome and Principe,2006,0.527
333,Saudi Arabia,2006,0.773
334,Senegal,2006,0.425
335,Serbia,2006,0.743
336,Seychelles,2006,0.733
337,Sierra Leone,2006,0.35700000000000004
338,Singapore,2006,0.873
339,Slovakia,2006,0.802
340,Slovenia,2006,0.865
341,Solomon Islands,2006,0.48200000000000004
342,South Africa,2006,0.612
343,South Sudan,2006,
344,Spain,2006,0.8490000000000001
345,Sri Lanka,2006,0.725
346,Sudan,2006,0.44
347,Suriname,2006,0.684
348,Swaziland,2006,0.508
349,Sweden,2006,0.895
350,Switzerland,2006,0.9109999999999999
351,Syrian Arab Republic,2006,0.644
352,Tajikistan,2006,0.586
353,Tanzania,2006,0.457
354,Thailand,2006,0.687
355,Macedonia,2006,0.7090000000000001
356,Timor-Leste,2006,0.541
357,Togo,2006,0.44299999999999995
358,Tonga,2006,0.698
359,Trinidad and Tobago,2006,0.76
360,Tunisia,2006,0.695
361,Turkey,2006,0.6970000000000001
362,Turkmenistan,2006,
363,Uganda,2006,0.442
364,Ukraine,2006,0.723
365,United Arab Emirates,2006,0.826
366,United Kingdom,2006,0.889
367,United States,2006,0.9009999999999999
368,Uruguay,2006,0.76
369,Uzbekistan,2006,0.631
370,Vanuatu,2006,0.579
371,Venezuela,2006,0.728
372,Vietnam,2006,0.625
373,Yemen,2006,0.47700000000000004
374,Zambia,2006,0.49200000000000005
375,Zimbabwe,2006,0.414
376,Afghanistan,2007,0.433
377,Albania,2007,0.713
378,Algeria,2007,0.6970000000000001
379,Andorra,2007,
380,Angola,2007,0.46799999999999997
381,Antigua and Barbuda,2007,0.7859999999999999
382,Argentina,2007,0.792
383,Armenia,2007,0.721
384,Australia,2007,0.9209999999999999
385,Austria,2007,0.8640000000000001
386,Azerbaijan,2007,0.7190000000000001
387,Bahamas,2007,0.7909999999999999
388,Bahrain,2007,0.815
389,Bangladesh,2007,0.52
390,Barbados,2007,0.775
391,Belarus,2007,0.755
392,Belgium,2007,0.8740000000000001
393,Belize,2007,0.6990000000000001
394,Benin,2007,0.444
395,Bhutan,2007,
396,Bolivia,2007,0.632
397,Bosnia-Herzegovina,2007,0.71
398,Botswana,2007,0.6459999999999999
399,Brazil,2007,0.7040000000000001
400,Brunei Darussalam,2007,0.84
401,Bulgaria,2007,0.7609999999999999
402,Burkina Faso,2007,0.345
403,Burundi,2007,0.319
404,Cabo Verde,2007,0.615
405,Cambodia,2007,0.511
406,Cameroon,2007,0.466
407,Canada,2007,0.897
408,Central African Republic,2007,0.33799999999999997
409,Chad,2007,0.33799999999999997
410,Chile,2007,0.804
411,China,2007,0.672
412,Colombia,2007,0.6829999999999999
413,Comoros,2007,0.461
414,Congo,2007,0.527
415,DR Congo,2007,0.377
416,Costa Rica,2007,0.74
417,Croatia,2007,0.8
418,Cuba,2007,0.7709999999999999
419,Cyprus,2007,0.8440000000000001
420,Czech Republic,2007,0.856
421,Ivory Coast,2007,0.423
422,Denmark,2007,0.9059999999999999
423,Djibouti,2007,0.42700000000000005
424,Dominica,2007,0.7140000000000001
425,Dominican Republic,2007,0.6920000000000001
426,Ecuador,2007,0.698
427,Egypt,2007,0.6509999999999999
428,El Salvador,2007,0.659
429,Equatorial Guinea,2007,0.5920000000000001
430,Eritrea,2007,0.406
431,Estonia,2007,0.835
432,Ethiopia,2007,0.37799999999999995
433,Fiji,2007,0.7
434,Finland,2007,0.8759999999999999
435,France,2007,0.877
436,Gabon,2007,0.6509999999999999
437,Gambia,2007,0.426
438,Georgia,2007,0.735
439,Germany,2007,0.903
440,Ghana,2007,0.53
441,Greece,2007,0.853
442,Grenada,2007,
443,Guatemala,2007,0.589
444,Guinea,2007,0.371
445,Guinea-Bissau,2007,0.39799999999999996
446,Guyana,2007,0.618
447,Haiti,2007,0.462
448,Honduras,2007,0.597
449,"Hong Kong, China (SAR)",2007,0.887
450,Hungary,2007,0.812
451,Iceland,2007,0.892
452,India,2007,0.556
453,Indonesia,2007,0.6409999999999999
454,Iran,2007,0.716
455,Iraq,2007,0.638
456,Ireland,2007,0.9079999999999999
457,Israel,2007,0.877
458,Italy,2007,0.866
459,Jamaica,2007,0.718
460,Japan,2007,0.88
461,Jordan,2007,0.7390000000000001
462,Kazakhstan,2007,0.758
463,Kenya,2007,0.506
464,Kiribati,2007,0.5720000000000001
465,Korea (Republic of),2007,0.873
466,Kuwait,2007,0.787
467,Kyrgyzstan,2007,0.624
468,Laos,2007,0.518
469,Latvia,2007,0.8190000000000001
470,Lebanon,2007,0.74
471,Lesotho,2007,0.447
472,Liberia,2007,0.39399999999999996
473,Libya,2007,0.757
474,Liechtenstein,2007,0.893
475,Lithuania,2007,0.82
476,Luxembourg,2007,0.887
477,Madagascar,2007,0.491
478,Malawi,2007,0.4
479,Malaysia,2007,0.747
480,Maldives,2007,0.6409999999999999
481,Mali,2007,0.36
482,Malta,2007,0.813
483,Mauritania,2007,0.475
484,Mauritius,2007,0.728
485,Mexico,2007,0.735
486,Micronesia (Federated States of),2007,0.628
487,Moldova,2007,0.6609999999999999
488,Mongolia,2007,0.6729999999999999
489,Montenegro,2007,0.774
490,Morocco,2007,0.589
491,Mozambique,2007,0.37200000000000005
492,Myanmar,2007,0.493
493,Namibia,2007,0.589
494,Nepal,2007,0.49200000000000005
495,Netherlands,2007,0.905
496,New Zealand,2007,0.894
497,Nicaragua,2007,0.607
498,Niger,2007,0.298
499,Nigeria,2007,0.48100000000000004
500,Norway,2007,0.9359999999999999
501,Oman,2007,0.765
502,Pakistan,2007,0.513
503,Palau,2007,0.767
504,"Palestine, State of",2007,0.6609999999999999
505,Panama,2007,0.75
506,Papua New Guinea,2007,0.469
507,Paraguay,2007,0.654
508,Peru,2007,0.7
509,Philippines,2007,0.655
510,Poland,2007,0.813
511,Portugal,2007,0.804
512,Qatar,2007,0.825
513,Romania,2007,0.78
514,Russian Federation,2007,0.769
515,Rwanda,2007,0.43799999999999994
516,Saint Kitts and Nevis,2007,
517,Saint Lucia,2007,0.71
518,Saint Vincent and the Grenadines,2007,0.7040000000000001
519,Samoa,2007,0.688
520,Sao Tome and Principe,2007,0.531
521,Saudi Arabia,2007,0.779
522,Senegal,2007,0.435
523,Serbia,2007,0.7490000000000001
524,Seychelles,2007,0.7390000000000001
525,Sierra Leone,2007,0.36700000000000005
526,Singapore,2007,0.88
527,Slovakia,2007,0.813
528,Slovenia,2007,0.8690000000000001
529,Solomon Islands,2007,0.489
530,South Africa,2007,0.616
531,South Sudan,2007,
532,Spain,2007,0.8540000000000001
533,Sri Lanka,2007,0.731
534,Sudan,2007,0.444
535,Suriname,2007,0.691
536,Swaziland,2007,0.514
537,Sweden,2007,0.897
538,Switzerland,2007,0.914
539,Syrian Arab Republic,2007,0.6509999999999999
540,Tajikistan,2007,0.5920000000000001
541,Tanzania,2007,0.46799999999999997
542,Thailand,2007,0.7
543,Macedonia,2007,0.7140000000000001
544,Timor-Leste,2007,0.5660000000000001
545,Togo,2007,0.441
546,Tonga,2007,0.698
547,Trinidad and Tobago,2007,0.767
548,Tunisia,2007,0.701
549,Turkey,2007,0.705
550,Turkmenistan,2007,
551,Uganda,2007,0.45299999999999996
552,Ukraine,2007,0.73
553,United Arab Emirates,2007,0.8290000000000001
554,United Kingdom,2007,0.892
555,United States,2007,0.905
556,Uruguay,2007,0.77
557,Uzbekistan,2007,0.644
558,Vanuatu,2007,0.5820000000000001
559,Venezuela,2007,0.745
560,Vietnam,2007,0.633
561,Yemen,2007,0.48
562,Zambia,2007,0.504
563,Zimbabwe,2007,0.42100000000000004
564,Afghanistan,2008,0.434
565,Albania,2008,0.721
566,Algeria,2008,0.705
567,Andorra,2008,
568,Angola,2008,0.48
569,Antigua and Barbuda,2008,0.7879999999999999
570,Argentina,2008,0.794
571,Armenia,2008,0.725
572,Australia,2008,0.925
573,Austria,2008,0.87
574,Azerbaijan,2008,0.728
575,Bahamas,2008,0.7909999999999999
576,Bahrain,2008,0.8140000000000001
577,Bangladesh,2008,0.523
578,Barbados,2008,0.779
579,Belarus,2008,0.7709999999999999
580,Belgium,2008,0.8759999999999999
581,Belize,2008,0.7
582,Benin,2008,0.44799999999999995
583,Bhutan,2008,
584,Bolivia,2008,0.636
585,Bosnia-Herzegovina,2008,0.716
586,Botswana,2008,0.6609999999999999
587,Brazil,2008,0.7140000000000001
588,Brunei Darussalam,2008,0.841
589,Bulgaria,2008,0.768
590,Burkina Faso,2008,0.35600000000000004
591,Burundi,2008,0.336
592,Cabo Verde,2008,0.621
593,Cambodia,2008,0.52
594,Cameroon,2008,0.473
595,Canada,2008,0.898
596,Central African Republic,2008,0.345
597,Chad,2008,0.34299999999999997
598,Chile,2008,0.816
599,China,2008,0.682
600,Colombia,2008,0.691
601,Comoros,2008,0.465
602,Congo,2008,0.545
603,DR Congo,2008,0.389
604,Costa Rica,2008,0.747
605,Croatia,2008,0.8029999999999999
606,Cuba,2008,0.782
607,Cyprus,2008,0.8490000000000001
608,Czech Republic,2008,0.858
609,Ivory Coast,2008,0.431
610,Denmark,2008,0.9059999999999999
611,Djibouti,2008,0.436
612,Dominica,2008,0.72
613,Dominican Republic,2008,0.695
614,Ecuador,2008,0.7020000000000001
615,Egypt,2008,0.659
616,El Salvador,2008,0.662
617,Equatorial Guinea,2008,0.59
618,Eritrea,2008,0.402
619,Estonia,2008,0.836
620,Ethiopia,2008,0.39299999999999996
621,Fiji,2008,0.7040000000000001
622,Finland,2008,0.878
623,France,2008,0.879
624,Gabon,2008,0.652
625,Gambia,2008,0.434
626,Georgia,2008,0.7340000000000001
627,Germany,2008,0.9059999999999999
628,Ghana,2008,0.542
629,Greece,2008,0.857
630,Grenada,2008,
631,Guatemala,2008,0.596
632,Guinea,2008,0.376
633,Guinea-Bissau,2008,0.401
634,Guyana,2008,0.618
635,Haiti,2008,0.466
636,Honduras,2008,0.603
637,"Hong Kong, China (SAR)",2008,0.892
638,Hungary,2008,0.816
639,Iceland,2008,0.894
640,India,2008,0.563
641,Indonesia,2008,0.645
642,Iran,2008,0.728
643,Iraq,2008,0.643
644,Ireland,2008,0.909
645,Israel,2008,0.8759999999999999
646,Italy,2008,0.868
647,Jamaica,2008,0.721
648,Japan,2008,0.8809999999999999
649,Jordan,2008,0.742
650,Kazakhstan,2008,0.758
651,Kenya,2008,0.514
652,Kiribati,2008,0.5760000000000001
653,Korea (Republic of),2008,0.8759999999999999
654,Kuwait,2008,0.7879999999999999
655,Kyrgyzstan,2008,0.629
656,Laos,2008,0.525
657,Latvia,2008,0.821
658,Lebanon,2008,0.746
659,Lesotho,2008,0.45299999999999996
660,Liberia,2008,0.4
661,Libya,2008,0.757
662,Liechtenstein,2008,0.899
663,Lithuania,2008,0.825
664,Luxembourg,2008,0.888
665,Madagascar,2008,0.5
666,Malawi,2008,0.415
667,Malaysia,2008,0.7559999999999999
668,Maldives,2008,0.6509999999999999
669,Mali,2008,0.385
670,Malta,2008,0.815
671,Mauritania,2008,0.47600000000000003
672,Mauritius,2008,0.7340000000000001
673,Mexico,2008,0.738
674,Micronesia (Federated States of),2008,0.629
675,Moldova,2008,0.6679999999999999
676,Mongolia,2008,0.6859999999999999
677,Montenegro,2008,0.785
678,Morocco,2008,0.596
679,Mozambique,2008,0.382
680,Myanmar,2008,0.504
681,Namibia,2008,0.598
682,Nepal,2008,0.502
683,Netherlands,2008,0.9059999999999999
684,New Zealand,2008,0.895
685,Nicaragua,2008,0.613
686,Niger,2008,0.307
687,Nigeria,2008,0.48700000000000004
688,Norway,2008,0.9359999999999999
689,Oman,2008,0.782
690,Pakistan,2008,0.514
691,Palau,2008,0.77
692,"Palestine, State of",2008,0.6559999999999999
693,Panama,2008,0.755
694,Papua New Guinea,2008,0.47700000000000004
695,Paraguay,2008,0.6629999999999999
696,Peru,2008,0.706
697,Philippines,2008,0.6609999999999999
698,Poland,2008,0.818
699,Portugal,2008,0.809
700,Qatar,2008,0.828
701,Romania,2008,0.795
702,Russian Federation,2008,0.7759999999999999
703,Rwanda,2008,0.447
704,Saint Kitts and Nevis,2008,
705,Saint Lucia,2008,0.7170000000000001
706,Saint Vincent and the Grenadines,2008,0.7090000000000001
707,Samoa,2008,0.691
708,Sao Tome and Principe,2008,0.5329999999999999
709,Saudi Arabia,2008,0.787
710,Senegal,2008,0.444
711,Serbia,2008,0.754
712,Seychelles,2008,0.7390000000000001
713,Sierra Leone,2008,0.375
714,Singapore,2008,0.887
715,Slovakia,2008,0.82
716,Slovenia,2008,0.873
717,Solomon Islands,2008,0.494
718,South Africa,2008,0.622
719,South Sudan,2008,
720,Spain,2008,0.858
721,Sri Lanka,2008,0.735
722,Sudan,2008,0.456
723,Suriname,2008,0.696
724,Swaziland,2008,0.519
725,Sweden,2008,0.898
726,Switzerland,2008,0.9159999999999999
727,Syrian Arab Republic,2008,0.648
728,Tajikistan,2008,0.601
729,Tanzania,2008,0.478
730,Thailand,2008,0.706
731,Macedonia,2008,0.73
732,Timor-Leste,2008,0.599
733,Togo,2008,0.442
734,Tonga,2008,0.703
735,Trinidad and Tobago,2008,0.773
736,Tunisia,2008,0.706
737,Turkey,2008,0.7090000000000001
738,Turkmenistan,2008,
739,Uganda,2008,0.46399999999999997
740,Ukraine,2008,0.7340000000000001
741,United Arab Emirates,2008,0.831
742,United Kingdom,2008,0.895
743,United States,2008,0.907
744,Uruguay,2008,0.774
745,Uzbekistan,2008,0.6509999999999999
746,Vanuatu,2008,0.589
747,Venezuela,2008,0.754
748,Vietnam,2008,0.6409999999999999
749,Yemen,2008,0.483
750,Zambia,2008,0.518
751,Zimbabwe,2008,0.419
752,Afghanistan,2009,0.44799999999999995
753,Albania,2009,0.725
754,Algeria,2009,0.7140000000000001
755,Andorra,2009,
756,Angola,2009,0.488
757,Antigua and Barbuda,2009,0.7829999999999999
758,Argentina,2009,0.802
759,Armenia,2009,0.72
760,Australia,2009,0.927
761,Austria,2009,0.872
762,Azerbaijan,2009,0.737
763,Bahamas,2009,0.7879999999999999
764,Bahrain,2009,0.81
765,Bangladesh,2009,0.535
766,Barbados,2009,0.7809999999999999
767,Belarus,2009,0.78
768,Belgium,2009,0.878
769,Belize,2009,0.7
770,Benin,2009,0.451
771,Bhutan,2009,
772,Bolivia,2009,0.643
773,Bosnia-Herzegovina,2009,0.7170000000000001
774,Botswana,2009,0.669
775,Brazil,2009,0.716
776,Brunei Darussalam,2009,0.845
777,Bulgaria,2009,0.77
778,Burkina Faso,2009,0.365
779,Burundi,2009,0.361
780,Cabo Verde,2009,0.627
781,Cambodia,2009,0.519
782,Cameroon,2009,0.48
783,Canada,2009,0.898
784,Central African Republic,2009,0.35200000000000004
785,Chad,2009,0.36
786,Chile,2009,0.815
787,China,2009,0.691
788,Colombia,2009,0.695
789,Comoros,2009,0.47600000000000003
790,Congo,2009,0.5479999999999999
791,DR Congo,2009,0.395
792,Costa Rica,2009,0.7490000000000001
793,Croatia,2009,0.8029999999999999
794,Cuba,2009,0.784
795,Cyprus,2009,0.853
796,Czech Republic,2009,0.8590000000000001
797,Ivory Coast,2009,0.436
798,Denmark,2009,0.9059999999999999
799,Djibouti,2009,0.441
800,Dominica,2009,0.721
801,Dominican Republic,2009,0.6970000000000001
802,Ecuador,2009,0.703
803,Egypt,2009,0.665
804,El Salvador,2009,0.662
805,Equatorial Guinea,2009,0.589
806,Eritrea,2009,0.40399999999999997
807,Estonia,2009,0.833
808,Ethiopia,2009,0.401
809,Fiji,2009,0.706
810,Finland,2009,0.8740000000000001
811,France,2009,0.879
812,Gabon,2009,0.66
813,Gambia,2009,0.439
814,Georgia,2009,0.738
815,Germany,2009,0.907
816,Ghana,2009,0.547
817,Greece,2009,0.8590000000000001
818,Grenada,2009,
819,Guatemala,2009,0.602
820,Guinea,2009,0.38
821,Guinea-Bissau,2009,0.405
822,Guyana,2009,0.618
823,Haiti,2009,0.47
824,Honduras,2009,0.606
825,"Hong Kong, China (SAR)",2009,0.894
826,Hungary,2009,0.8170000000000001
827,Iceland,2009,0.894
828,India,2009,0.569
829,Indonesia,2009,0.6559999999999999
830,Iran,2009,0.735
831,Iraq,2009,0.6459999999999999
832,Ireland,2009,0.907
833,Israel,2009,0.878
834,Italy,2009,0.8690000000000001
835,Jamaica,2009,0.721
836,Japan,2009,0.879
837,Jordan,2009,0.7390000000000001
838,Kazakhstan,2009,0.763
839,Kenya,2009,0.523
840,Kiribati,2009,0.584
841,Korea (Republic of),2009,0.87
842,Kuwait,2009,0.79
843,Kyrgyzstan,2009,0.631
844,Laos,2009,0.535
845,Latvia,2009,0.815
846,Lebanon,2009,0.752
847,Lesotho,2009,0.46399999999999997
848,Liberia,2009,0.40299999999999997
849,Libya,2009,0.755
850,Liechtenstein,2009,0.899
851,Lithuania,2009,0.8240000000000001
852,Luxembourg,2009,0.884
853,Madagascar,2009,0.503
854,Malawi,2009,0.43
855,Malaysia,2009,0.764
856,Maldives,2009,0.653
857,Mali,2009,0.396
858,Malta,2009,0.8190000000000001
859,Mauritania,2009,0.484
860,Mauritius,2009,0.74
861,Mexico,2009,0.7390000000000001
862,Micronesia (Federated States of),2009,0.633
863,Moldova,2009,0.664
864,Mongolia,2009,0.693
865,Montenegro,2009,0.787
866,Morocco,2009,0.603
867,Mozambique,2009,0.39
868,Myanmar,2009,0.515
869,Namibia,2009,0.604
870,Nepal,2009,0.515
871,Netherlands,2009,0.9059999999999999
872,New Zealand,2009,0.899
873,Nicaragua,2009,0.614
874,Niger,2009,0.312
875,Nigeria,2009,0.49200000000000005
876,Norway,2009,0.9359999999999999
877,Oman,2009,0.797
878,Pakistan,2009,0.521
879,Palau,2009,0.77
880,"Palestine, State of",2009,0.667
881,Panama,2009,0.7559999999999999
882,Papua New Guinea,2009,0.485
883,Paraguay,2009,0.664
884,Peru,2009,0.708
885,Philippines,2009,0.662
886,Poland,2009,0.8220000000000001
887,Portugal,2009,0.812
888,Qatar,2009,0.825
889,Romania,2009,0.797
890,Russian Federation,2009,0.773
891,Rwanda,2009,0.45399999999999996
892,Saint Kitts and Nevis,2009,
893,Saint Lucia,2009,0.7240000000000001
894,Saint Vincent and the Grenadines,2009,0.711
895,Samoa,2009,0.69
896,Sao Tome and Principe,2009,0.542
897,Saudi Arabia,2009,0.792
898,Senegal,2009,0.449
899,Serbia,2009,0.755
900,Seychelles,2009,0.74
901,Sierra Leone,2009,0.384
902,Singapore,2009,0.889
903,Slovakia,2009,0.8220000000000001
904,Slovenia,2009,0.872
905,Solomon Islands,2009,0.49200000000000005
906,South Africa,2009,0.63
907,South Sudan,2009,
908,Spain,2009,0.86
909,Sri Lanka,2009,0.7390000000000001
910,Sudan,2009,0.461
911,Suriname,2009,0.7
912,Swaziland,2009,0.523
913,Sweden,2009,0.895
914,Switzerland,2009,0.92
915,Syrian Arab Republic,2009,0.65
916,Tajikistan,2009,0.603
917,Tanzania,2009,0.488
918,Thailand,2009,0.711
919,Macedonia,2009,0.732
920,Timor-Leste,2009,0.599
921,Togo,2009,0.449
922,Tonga,2009,0.7070000000000001
923,Trinidad and Tobago,2009,0.772
924,Tunisia,2009,0.71
925,Turkey,2009,0.715
926,Turkmenistan,2009,
927,Uganda,2009,0.473
928,Ukraine,2009,0.728
929,United Arab Emirates,2009,0.826
930,United Kingdom,2009,0.895
931,United States,2009,0.907
932,Uruguay,2009,0.777
933,Uzbekistan,2009,0.657
934,Vanuatu,2009,0.59
935,Venezuela,2009,0.754
936,Vietnam,2009,0.647
937,Yemen,2009,0.488
938,Zambia,2009,0.5329999999999999
939,Zimbabwe,2009,0.436
940,Afghanistan,2010,0.45399999999999996
941,Albania,2010,0.738
942,Algeria,2010,0.7240000000000001
943,Andorra,2010,0.8190000000000001
944,Angola,2010,0.495
945,Antigua and Barbuda,2010,0.782
946,Argentina,2010,0.816
947,Armenia,2010,0.7290000000000001
948,Australia,2010,0.927
949,Austria,2010,0.88
950,Azerbaijan,2010,0.741
951,Bahamas,2010,0.7879999999999999
952,Bahrain,2010,0.812
953,Bangladesh,2010,0.545
954,Barbados,2010,0.78
955,Belarus,2010,0.787
956,Belgium,2010,0.884
957,Belize,2010,0.7
958,Benin,2010,0.45399999999999996
959,Bhutan,2010,0.5720000000000001
960,Bolivia,2010,0.649
961,Bosnia-Herzegovina,2010,0.711
962,Botswana,2010,0.6779999999999999
963,Brazil,2010,0.7240000000000001
964,Brunei Darussalam,2010,0.846
965,Bulgaria,2010,0.775
966,Burkina Faso,2010,0.377
967,Burundi,2010,0.385
968,Cabo Verde,2010,0.632
969,Cambodia,2010,0.5329999999999999
970,Cameroon,2010,0.486
971,Canada,2010,0.903
972,Central African Republic,2010,0.361
973,Chad,2010,0.37
974,Chile,2010,0.82
975,China,2010,0.7
976,Colombia,2010,0.7
977,Comoros,2010,0.479
978,Congo,2010,0.5579999999999999
979,DR Congo,2010,0.39799999999999996
980,Costa Rica,2010,0.752
981,Croatia,2010,0.8079999999999999
982,Cuba,2010,0.78
983,Cyprus,2010,0.847
984,Czech Republic,2010,0.861
985,Ivory Coast,2010,0.441
986,Denmark,2010,0.91
987,Djibouti,2010,0.451
988,Dominica,2010,0.722
989,Dominican Republic,2010,0.703
990,Ecuador,2010,0.71
991,Egypt,2010,0.6709999999999999
992,El Salvador,2010,0.6659999999999999
993,Equatorial Guinea,2010,0.58
994,Eritrea,2010,0.405
995,Estonia,2010,0.838
996,Ethiopia,2010,0.41100000000000003
997,Fiji,2010,0.7090000000000001
998,Finland,2010,0.878
999,France,2010,0.882
1000,Gabon,2010,0.664
1001,Gambia,2010,0.441
1002,Georgia,2010,0.742
1003,Germany,2010,0.912
1004,Ghana,2010,0.5539999999999999
1005,Greece,2010,0.86
1006,Grenada,2010,0.741
1007,Guatemala,2010,0.609
1008,Guinea,2010,0.385
1009,Guinea-Bissau,2010,0.41
1010,Guyana,2010,0.624
1011,Haiti,2010,0.47
1012,Honduras,2010,0.611
1013,"Hong Kong, China (SAR)",2010,0.898
1014,Hungary,2010,0.821
1015,Iceland,2010,0.894
1016,India,2010,0.58
1017,Indonesia,2010,0.662
1018,Iran,2010,0.745
1019,Iraq,2010,0.649
1020,Ireland,2010,0.909
1021,Israel,2010,0.883
1022,Italy,2010,0.872
1023,Jamaica,2010,0.722
1024,Japan,2010,0.884
1025,Jordan,2010,0.737
1026,Kazakhstan,2010,0.7659999999999999
1027,Kenya,2010,0.53
1028,Kiribati,2010,0.585
1029,Korea (Republic of),2010,0.884
1030,Kuwait,2010,0.792
1031,Kyrgyzstan,2010,0.632
1032,Laos,2010,0.542
1033,Latvia,2010,0.81
1034,Lebanon,2010,0.758
1035,Lesotho,2010,0.469
1036,Liberia,2010,0.406
1037,Libya,2010,0.7559999999999999
1038,Liechtenstein,2010,0.904
1039,Lithuania,2010,0.826
1040,Luxembourg,2010,0.894
1041,Madagascar,2010,0.504
1042,Malawi,2010,0.444
1043,Malaysia,2010,0.774
1044,Maldives,2010,0.6629999999999999
1045,Mali,2010,0.40399999999999997
1046,Malta,2010,0.826
1047,Mauritania,2010,0.48700000000000004
1048,Mauritius,2010,0.748
1049,Mexico,2010,0.745
1050,Micronesia (Federated States of),2010,0.638
1051,Moldova,2010,0.672
1052,Mongolia,2010,0.701
1053,Montenegro,2010,0.792
1054,Morocco,2010,0.612
1055,Mozambique,2010,0.397
1056,Myanmar,2010,0.526
1057,Namibia,2010,0.612
1058,Nepal,2010,0.529
1059,Netherlands,2010,0.9109999999999999
1060,New Zealand,2010,0.9009999999999999
1061,Nicaragua,2010,0.62
1062,Niger,2010,0.32299999999999995
1063,Nigeria,2010,0.5
1064,Norway,2010,0.9390000000000001
1065,Oman,2010,0.797
1066,Pakistan,2010,0.525
1067,Palau,2010,0.77
1068,"Palestine, State of",2010,0.669
1069,Panama,2010,0.758
1070,Papua New Guinea,2010,0.494
1071,Paraguay,2010,0.675
1072,Peru,2010,0.721
1073,Philippines,2010,0.669
1074,Poland,2010,0.8290000000000001
1075,Portugal,2010,0.818
1076,Qatar,2010,0.8270000000000001
1077,Romania,2010,0.7979999999999999
1078,Russian Federation,2010,0.785
1079,Rwanda,2010,0.46399999999999997
1080,Saint Kitts and Nevis,2010,0.741
1081,Saint Lucia,2010,0.733
1082,Saint Vincent and the Grenadines,2010,0.7120000000000001
1083,Samoa,2010,0.693
1084,Sao Tome and Principe,2010,0.546
1085,Saudi Arabia,2010,0.804
1086,Senegal,2010,0.455
1087,Serbia,2010,0.757
1088,Seychelles,2010,0.7440000000000001
1089,Sierra Leone,2010,0.392
1090,Singapore,2010,0.9109999999999999
1091,Slovakia,2010,0.8290000000000001
1092,Slovenia,2010,0.8759999999999999
1093,Solomon Islands,2010,0.49700000000000005
1094,South Africa,2010,0.638
1095,South Sudan,2010,0.429
1096,Spain,2010,0.867
1097,Sri Lanka,2010,0.746
1098,Sudan,2010,0.46299999999999997
1099,Suriname,2010,0.7040000000000001
1100,Swaziland,2010,0.526
1101,Sweden,2010,0.9009999999999999
1102,Switzerland,2010,0.932
1103,Syrian Arab Republic,2010,0.6459999999999999
1104,Tajikistan,2010,0.608
1105,Tanzania,2010,0.498
1106,Thailand,2010,0.72
1107,Macedonia,2010,0.735
1108,Timor-Leste,2010,0.607
1109,Togo,2010,0.457
1110,Tonga,2010,0.7120000000000001
1111,Trinidad and Tobago,2010,0.774
1112,Tunisia,2010,0.7140000000000001
1113,Turkey,2010,0.737
1114,Turkmenistan,2010,0.665
1115,Uganda,2010,0.47700000000000004
1116,Ukraine,2010,0.7340000000000001
1117,United Arab Emirates,2010,0.8240000000000001
1118,United Kingdom,2010,0.902
1119,United States,2010,0.91
1120,Uruguay,2010,0.78
1121,Uzbekistan,2010,0.664
1122,Vanuatu,2010,0.591
1123,Venezuela,2010,0.7559999999999999
1124,Vietnam,2010,0.655
1125,Yemen,2010,0.493
1126,Zambia,2010,0.5429999999999999
1127,Zimbabwe,2010,0.452
1128,Afghanistan,2011,0.46299999999999997
1129,Albania,2011,0.752
1130,Algeria,2011,0.732
1131,Andorra,2011,0.8190000000000001
1132,Angola,2011,0.508
1133,Antigua and Barbuda,2011,0.778
1134,Argentina,2011,0.8220000000000001
1135,Armenia,2011,0.732
1136,Australia,2011,0.93
1137,Austria,2011,0.884
1138,Azerbaijan,2011,0.742
1139,Bahamas,2011,0.789
1140,Bahrain,2011,0.812
1141,Bangladesh,2011,0.557
1142,Barbados,2011,0.785
1143,Belarus,2011,0.7929999999999999
1144,Belgium,2011,0.8859999999999999
1145,Belize,2011,0.7020000000000001
1146,Benin,2011,0.45799999999999996
1147,Bhutan,2011,0.581
1148,Bolivia,2011,0.655
1149,Bosnia-Herzegovina,2011,0.728
1150,Botswana,2011,0.687
1151,Brazil,2011,0.73
1152,Brunei Darussalam,2011,0.852
1153,Bulgaria,2011,0.778
1154,Burkina Faso,2011,0.384
1155,Burundi,2011,0.39299999999999996
1156,Cabo Verde,2011,0.636
1157,Cambodia,2011,0.54
1158,Cameroon,2011,0.496
1159,Canada,2011,0.907
1160,Central African Republic,2011,0.366
1161,Chad,2011,0.381
1162,Chile,2011,0.826
1163,China,2011,0.703
1164,Colombia,2011,0.7070000000000001
1165,Comoros,2011,0.484
1166,Congo,2011,0.557
1167,DR Congo,2011,0.40700000000000003
1168,Costa Rica,2011,0.758
1169,Croatia,2011,0.815
1170,Cuba,2011,0.778
1171,Cyprus,2011,0.85
1172,Czech Republic,2011,0.8640000000000001
1173,Ivory Coast,2011,0.444
1174,Denmark,2011,0.922
1175,Djibouti,2011,0.46
1176,Dominica,2011,0.722
1177,Dominican Republic,2011,0.706
1178,Ecuador,2011,0.7170000000000001
1179,Egypt,2011,0.6729999999999999
1180,El Salvador,2011,0.67
1181,Equatorial Guinea,2011,0.583
1182,Eritrea,2011,0.41
1183,Estonia,2011,0.85
1184,Ethiopia,2011,0.42200000000000004
1185,Fiji,2011,0.7140000000000001
1186,Finland,2011,0.884
1187,France,2011,0.885
1188,Gabon,2011,0.669
1189,Gambia,2011,0.44
1190,Georgia,2011,0.7490000000000001
1191,Germany,2011,0.9159999999999999
1192,Ghana,2011,0.563
1193,Greece,2011,0.858
1194,Grenada,2011,0.7440000000000001
1195,Guatemala,2011,0.616
1196,Guinea,2011,0.396
1197,Guinea-Bissau,2011,0.41600000000000004
1198,Guyana,2011,0.63
1199,Haiti,2011,0.47700000000000004
1200,Honduras,2011,0.614
1201,"Hong Kong, China (SAR)",2011,0.905
1202,Hungary,2011,0.823
1203,Iceland,2011,0.9009999999999999
1204,India,2011,0.59
1205,Indonesia,2011,0.669
1206,Iran,2011,0.755
1207,Iraq,2011,0.6559999999999999
1208,Ireland,2011,0.895
1209,Israel,2011,0.889
1210,Italy,2011,0.877
1211,Jamaica,2011,0.725
1212,Japan,2011,0.889
1213,Jordan,2011,0.735
1214,Kazakhstan,2011,0.774
1215,Kenya,2011,0.536
1216,Kiribati,2011,0.581
1217,Korea (Republic of),2011,0.889
1218,Kuwait,2011,0.794
1219,Kyrgyzstan,2011,0.638
1220,Laos,2011,0.5539999999999999
1221,Latvia,2011,0.812
1222,Lebanon,2011,0.763
1223,Lesotho,2011,0.479
1224,Liberia,2011,0.41600000000000004
1225,Libya,2011,0.706
1226,Liechtenstein,2011,0.909
1227,Lithuania,2011,0.83
1228,Luxembourg,2011,0.892
1229,Madagascar,2011,0.506
1230,Malawi,2011,0.45399999999999996
1231,Malaysia,2011,0.7759999999999999
1232,Maldives,2011,0.675
1233,Mali,2011,0.41100000000000003
1234,Malta,2011,0.821
1235,Mauritania,2011,0.491
1236,Mauritius,2011,0.7559999999999999
1237,Mexico,2011,0.748
1238,Micronesia (Federated States of),2011,0.64
1239,Moldova,2011,0.679
1240,Mongolia,2011,0.7120000000000001
1241,Montenegro,2011,0.797
1242,Morocco,2011,0.623
1243,Mozambique,2011,0.4
1244,Myanmar,2011,0.5329999999999999
1245,Namibia,2011,0.619
1246,Nepal,2011,0.5379999999999999
1247,Netherlands,2011,0.9209999999999999
1248,New Zealand,2011,0.904
1249,Nicaragua,2011,0.625
1250,Niger,2011,0.331
1251,Nigeria,2011,0.507
1252,Norway,2011,0.941
1253,Oman,2011,0.797
1254,Pakistan,2011,0.529
1255,Palau,2011,0.775
1256,"Palestine, State of",2011,0.674
1257,Panama,2011,0.765
1258,Papua New Guinea,2011,0.501
1259,Paraguay,2011,0.679
1260,Peru,2011,0.725
1261,Philippines,2011,0.6659999999999999
1262,Poland,2011,0.8340000000000001
1263,Portugal,2011,0.8240000000000001
1264,Qatar,2011,0.8370000000000001
1265,Romania,2011,0.797
1266,Russian Federation,2011,0.792
1267,Rwanda,2011,0.475
1268,Saint Kitts and Nevis,2011,0.746
1269,Saint Lucia,2011,0.735
1270,Saint Vincent and the Grenadines,2011,0.713
1271,Samoa,2011,0.698
1272,Sao Tome and Principe,2011,0.5529999999999999
1273,Saudi Arabia,2011,0.818
1274,Senegal,2011,0.46299999999999997
1275,Serbia,2011,0.767
1276,Seychelles,2011,0.755
1277,Sierra Leone,2011,0.401
1278,Singapore,2011,0.917
1279,Slovakia,2011,0.835
1280,Slovenia,2011,0.877
1281,Solomon Islands,2011,0.505
1282,South Africa,2011,0.644
1283,South Sudan,2011,0.419
1284,Spain,2011,0.871
1285,Sri Lanka,2011,0.752
1286,Sudan,2011,0.46799999999999997
1287,Suriname,2011,0.708
1288,Swaziland,2011,0.534
1289,Sweden,2011,0.903
1290,Switzerland,2011,0.932
1291,Syrian Arab Republic,2011,0.645
1292,Tajikistan,2011,0.613
1293,Tanzania,2011,0.504
1294,Thailand,2011,0.7290000000000001
1295,Macedonia,2011,0.7390000000000001
1296,Timor-Leste,2011,0.618
1297,Togo,2011,0.46399999999999997
1298,Tonga,2011,0.7170000000000001
1299,Trinidad and Tobago,2011,0.772
1300,Tunisia,2011,0.7170000000000001
1301,Turkey,2011,0.75
1302,Turkmenistan,2011,0.672
1303,Uganda,2011,0.47700000000000004
1304,Ukraine,2011,0.7390000000000001
1305,United Arab Emirates,2011,0.826
1306,United Kingdom,2011,0.898
1307,United States,2011,0.9129999999999999
1308,Uruguay,2011,0.784
1309,Uzbekistan,2011,0.6729999999999999
1310,Vanuatu,2011,0.5920000000000001
1311,Venezuela,2011,0.767
1312,Vietnam,2011,0.662
1313,Yemen,2011,0.494
1314,Zambia,2011,0.5539999999999999
1315,Zimbabwe,2011,0.46399999999999997
1316,Afghanistan,2012,0.47
1317,Albania,2012,0.759
1318,Algeria,2012,0.737
1319,Andorra,2012,0.843
1320,Angola,2012,0.523
1321,Antigua and Barbuda,2012,0.7809999999999999
1322,Argentina,2012,0.823
1323,Armenia,2012,0.736
1324,Australia,2012,0.9329999999999999
1325,Austria,2012,0.887
1326,Azerbaijan,2012,0.745
1327,Bahamas,2012,0.79
1328,Bahrain,2012,0.815
1329,Bangladesh,2012,0.565
1330,Barbados,2012,0.792
1331,Belarus,2012,0.7959999999999999
1332,Belgium,2012,0.889
1333,Belize,2012,0.706
1334,Benin,2012,0.466
1335,Bhutan,2012,0.589
1336,Bolivia,2012,0.6609999999999999
1337,Bosnia-Herzegovina,2012,0.735
1338,Botswana,2012,0.693
1339,Brazil,2012,0.7340000000000001
1340,Brunei Darussalam,2012,0.86
1341,Bulgaria,2012,0.7809999999999999
1342,Burkina Faso,2012,0.392
1343,Burundi,2012,0.39799999999999996
1344,Cabo Verde,2012,0.643
1345,Cambodia,2012,0.546
1346,Cameroon,2012,0.501
1347,Canada,2012,0.909
1348,Central African Republic,2012,0.37
1349,Chad,2012,0.387
1350,Chile,2012,0.831
1351,China,2012,0.713
1352,Colombia,2012,0.7120000000000001
1353,Comoros,2012,0.49
1354,Congo,2012,0.5760000000000001
1355,DR Congo,2012,0.41200000000000003
1356,Costa Rica,2012,0.762
1357,Croatia,2012,0.8170000000000001
1358,Cuba,2012,0.773
1359,Cyprus,2012,0.85
1360,Czech Republic,2012,0.865
1361,Ivory Coast,2012,0.452
1362,Denmark,2012,0.924
1363,Djibouti,2012,0.46399999999999997
1364,Dominica,2012,0.721
1365,Dominican Republic,2012,0.7090000000000001
1366,Ecuador,2012,0.725
1367,Egypt,2012,0.6809999999999999
1368,El Salvador,2012,0.675
1369,Equatorial Guinea,2012,0.586
1370,Eritrea,2012,0.414
1371,Estonia,2012,0.856
1372,Ethiopia,2012,0.42700000000000005
1373,Fiji,2012,0.7190000000000001
1374,Finland,2012,0.887
1375,France,2012,0.887
1376,Gabon,2012,0.6779999999999999
1377,Gambia,2012,0.445
1378,Georgia,2012,0.755
1379,Germany,2012,0.919
1380,Ghana,2012,0.57
1381,Greece,2012,0.86
1382,Grenada,2012,0.746
1383,Guatemala,2012,0.611
1384,Guinea,2012,0.406
1385,Guinea-Bissau,2012,0.415
1386,Guyana,2012,0.633
1387,Haiti,2012,0.483
1388,Honduras,2012,0.614
1389,"Hong Kong, China (SAR)",2012,0.907
1390,Hungary,2012,0.8240000000000001
1391,Iceland,2012,0.907
1392,India,2012,0.599
1393,Indonesia,2012,0.677
1394,Iran,2012,0.769
1395,Iraq,2012,0.659
1396,Ireland,2012,0.902
1397,Israel,2012,0.8909999999999999
1398,Italy,2012,0.8759999999999999
1399,Jamaica,2012,0.727
1400,Japan,2012,0.894
1401,Jordan,2012,0.737
1402,Kazakhstan,2012,0.782
1403,Kenya,2012,0.541
1404,Kiribati,2012,0.589
1405,Korea (Republic of),2012,0.8909999999999999
1406,Kuwait,2012,0.7959999999999999
1407,Kyrgyzstan,2012,0.647
1408,Laos,2012,0.563
1409,Latvia,2012,0.8140000000000001
1410,Lebanon,2012,0.7659999999999999
1411,Lesotho,2012,0.484
1412,Liberia,2012,0.419
1413,Libya,2012,0.735
1414,Liechtenstein,2012,0.9079999999999999
1415,Lithuania,2012,0.8340000000000001
1416,Luxembourg,2012,0.892
1417,Madagascar,2012,0.508
1418,Malawi,2012,0.45899999999999996
1419,Malaysia,2012,0.779
1420,Maldives,2012,0.6829999999999999
1421,Mali,2012,0.42100000000000004
1422,Malta,2012,0.828
1423,Mauritania,2012,0.501
1424,Mauritius,2012,0.765
1425,Mexico,2012,0.753
1426,Micronesia (Federated States of),2012,0.6409999999999999
1427,Moldova,2012,0.6859999999999999
1428,Mongolia,2012,0.72
1429,Montenegro,2012,0.799
1430,Morocco,2012,0.634
1431,Mozambique,2012,0.405
1432,Myanmar,2012,0.54
1433,Namibia,2012,0.625
1434,Nepal,2012,0.545
1435,Netherlands,2012,0.922
1436,New Zealand,2012,0.9079999999999999
1437,Nicaragua,2012,0.63
1438,Niger,2012,0.341
1439,Nigeria,2012,0.514
1440,Norway,2012,0.9420000000000001
1441,Oman,2012,0.7959999999999999
1442,Pakistan,2012,0.5379999999999999
1443,Palau,2012,0.779
1444,"Palestine, State of",2012,0.684
1445,Panama,2012,0.773
1446,Papua New Guinea,2012,0.506
1447,Paraguay,2012,0.679
1448,Peru,2012,0.731
1449,Philippines,2012,0.6709999999999999
1450,Poland,2012,0.838
1451,Portugal,2012,0.8270000000000001
1452,Qatar,2012,0.843
1453,Romania,2012,0.794
1454,Russian Federation,2012,0.799
1455,Rwanda,2012,0.485
1456,Saint Kitts and Nevis,2012,0.7490000000000001
1457,Saint Lucia,2012,0.7340000000000001
1458,Saint Vincent and the Grenadines,2012,0.7170000000000001
1459,Samoa,2012,0.7
1460,Sao Tome and Principe,2012,0.5589999999999999
1461,Saudi Arabia,2012,0.83
1462,Senegal,2012,0.474
1463,Serbia,2012,0.7659999999999999
1464,Seychelles,2012,0.762
1465,Sierra Leone,2012,0.413
1466,Singapore,2012,0.92
1467,Slovakia,2012,0.838
1468,Slovenia,2012,0.878
1469,Solomon Islands,2012,0.509
1470,South Africa,2012,0.652
1471,South Sudan,2012,0.41700000000000004
1472,Spain,2012,0.8740000000000001
1473,Sri Lanka,2012,0.757
1474,Sudan,2012,0.478
1475,Suriname,2012,0.7190000000000001
1476,Swaziland,2012,0.539
1477,Sweden,2012,0.904
1478,Switzerland,2012,0.934
1479,Syrian Arab Republic,2012,0.635
1480,Tajikistan,2012,0.617
1481,Tanzania,2012,0.513
1482,Thailand,2012,0.733
1483,Macedonia,2012,0.741
1484,Timor-Leste,2012,0.62
1485,Togo,2012,0.47
1486,Tonga,2012,0.718
1487,Trinidad and Tobago,2012,0.773
1488,Tunisia,2012,0.72
1489,Turkey,2012,0.754
1490,Turkmenistan,2012,0.6779999999999999
1491,Uganda,2012,0.478
1492,Ukraine,2012,0.7440000000000001
1493,United Arab Emirates,2012,0.8290000000000001
1494,United Kingdom,2012,0.899
1495,United States,2012,0.915
1496,Uruguay,2012,0.7879999999999999
1497,Uzbekistan,2012,0.6809999999999999
1498,Vanuatu,2012,0.591
1499,Venezuela,2012,0.77
1500,Vietnam,2012,0.6679999999999999
1501,Yemen,2012,0.498
1502,Zambia,2012,0.565
1503,Zimbabwe,2012,0.488
1504,Afghanistan,2013,0.47600000000000003
1505,Albania,2013,0.7609999999999999
1506,Algeria,2013,0.741
1507,Andorra,2013,0.85
1508,Angola,2013,0.527
1509,Antigua and Barbuda,2013,0.782
1510,Argentina,2013,0.825
1511,Armenia,2013,0.7390000000000001
1512,Australia,2013,0.9359999999999999
1513,Austria,2013,0.892
1514,Azerbaijan,2013,0.752
1515,Bahamas,2013,0.789
1516,Bahrain,2013,0.82
1517,Bangladesh,2013,0.57
1518,Barbados,2013,0.7929999999999999
1519,Belarus,2013,0.7959999999999999
1520,Belgium,2013,0.89
1521,Belize,2013,0.705
1522,Benin,2013,0.475
1523,Bhutan,2013,0.596
1524,Bolivia,2013,0.6659999999999999
1525,Bosnia-Herzegovina,2013,0.742
1526,Botswana,2013,0.6970000000000001
1527,Brazil,2013,0.747
1528,Brunei Darussalam,2013,0.863
1529,Bulgaria,2013,0.787
1530,Burkina Faso,2013,0.39799999999999996
1531,Burundi,2013,0.40399999999999997
1532,Cabo Verde,2013,0.643
1533,Cambodia,2013,0.5529999999999999
1534,Cameroon,2013,0.507
1535,Canada,2013,0.912
1536,Central African Republic,2013,0.345
1537,Chad,2013,0.39
1538,Chile,2013,0.841
1539,China,2013,0.723
1540,Colombia,2013,0.72
1541,Comoros,2013,0.49700000000000005
1542,Congo,2013,0.581
1543,DR Congo,2013,0.419
1544,Costa Rica,2013,0.768
1545,Croatia,2013,0.82
1546,Cuba,2013,0.772
1547,Cyprus,2013,0.85
1548,Czech Republic,2013,0.871
1549,Ivory Coast,2013,0.45899999999999996
1550,Denmark,2013,0.9259999999999999
1551,Djibouti,2013,0.467
1552,Dominica,2013,0.7240000000000001
1553,Dominican Republic,2013,0.7120000000000001
1554,Ecuador,2013,0.737
1555,Egypt,2013,0.6859999999999999
1556,El Salvador,2013,0.6759999999999999
1557,Equatorial Guinea,2013,0.5820000000000001
1558,Eritrea,2013,0.41600000000000004
1559,Estonia,2013,0.86
1560,Ethiopia,2013,0.435
1561,Fiji,2013,0.727
1562,Finland,2013,0.89
1563,France,2013,0.89
1564,Gabon,2013,0.687
1565,Gambia,2013,0.449
1566,Georgia,2013,0.759
1567,Germany,2013,0.92
1568,Ghana,2013,0.5760000000000001
1569,Greece,2013,0.862
1570,Grenada,2013,0.7490000000000001
1571,Guatemala,2013,0.614
1572,Guinea,2013,0.41200000000000003
1573,Guinea-Bissau,2013,0.419
1574,Guyana,2013,0.636
1575,Haiti,2013,0.48700000000000004
1576,Honduras,2013,0.618
1577,"Hong Kong, China (SAR)",2013,0.9129999999999999
1578,Hungary,2013,0.8340000000000001
1579,Iceland,2013,0.915
1580,India,2013,0.607
1581,Indonesia,2013,0.682
1582,Iran,2013,0.77
1583,Iraq,2013,0.6579999999999999
1584,Ireland,2013,0.91
1585,Israel,2013,0.895
1586,Italy,2013,0.877
1587,Jamaica,2013,0.727
1588,Japan,2013,0.899
1589,Jordan,2013,0.737
1590,Kazakhstan,2013,0.789
1591,Kenya,2013,0.546
1592,Kiribati,2013,0.597
1593,Korea (Republic of),2013,0.8959999999999999
1594,Kuwait,2013,0.787
1595,Kyrgyzstan,2013,0.6559999999999999
1596,Laos,2013,0.573
1597,Latvia,2013,0.8220000000000001
1598,Lebanon,2013,0.763
1599,Lesotho,2013,0.491
1600,Liberia,2013,0.426
1601,Libya,2013,0.73
1602,Liechtenstein,2013,0.912
1603,Lithuania,2013,0.841
1604,Luxembourg,2013,0.892
1605,Madagascar,2013,0.509
1606,Malawi,2013,0.466
1607,Malaysia,2013,0.7829999999999999
1608,Maldives,2013,0.693
1609,Mali,2013,0.43
1610,Malta,2013,0.847
1611,Mauritania,2013,0.509
1612,Mauritius,2013,0.769
1613,Mexico,2013,0.754
1614,Micronesia (Federated States of),2013,0.639
1615,Moldova,2013,0.696
1616,Mongolia,2013,0.7290000000000001
1617,Montenegro,2013,0.8029999999999999
1618,Morocco,2013,0.64
1619,Mozambique,2013,0.409
1620,Myanmar,2013,0.547
1621,Namibia,2013,0.632
1622,Nepal,2013,0.551
1623,Netherlands,2013,0.9229999999999999
1624,New Zealand,2013,0.91
1625,Nicaragua,2013,0.636
1626,Niger,2013,0.345
1627,Nigeria,2013,0.521
1628,Norway,2013,0.945
1629,Oman,2013,0.7959999999999999
1630,Pakistan,2013,0.542
1631,Palau,2013,0.782
1632,"Palestine, State of",2013,0.6779999999999999
1633,Panama,2013,0.78
1634,Papua New Guinea,2013,0.511
1635,Paraguay,2013,0.688
1636,Peru,2013,0.735
1637,Philippines,2013,0.6759999999999999
1638,Poland,2013,0.85
1639,Portugal,2013,0.8370000000000001
1640,Qatar,2013,0.8540000000000001
1641,Romania,2013,0.797
1642,Russian Federation,2013,0.8029999999999999
1643,Rwanda,2013,0.488
1644,Saint Kitts and Nevis,2013,0.7559999999999999
1645,Saint Lucia,2013,0.723
1646,Saint Vincent and the Grenadines,2013,0.72
1647,Samoa,2013,0.701
1648,Sao Tome and Principe,2013,0.562
1649,Saudi Arabia,2013,0.841
1650,Senegal,2013,0.483
1651,Serbia,2013,0.7709999999999999
1652,Seychelles,2013,0.7659999999999999
1653,Sierra Leone,2013,0.426
1654,Singapore,2013,0.922
1655,Slovakia,2013,0.841
1656,Slovenia,2013,0.888
1657,Solomon Islands,2013,0.512
1658,South Africa,2013,0.66
1659,South Sudan,2013,0.42100000000000004
1660,Spain,2013,0.877
1661,Sri Lanka,2013,0.76
1662,Sudan,2013,0.485
1663,Suriname,2013,0.722
1664,Swaziland,2013,0.541
1665,Sweden,2013,0.9059999999999999
1666,Switzerland,2013,0.9359999999999999
1667,Syrian Arab Republic,2013,0.575
1668,Tajikistan,2013,0.622
1669,Tanzania,2013,0.512
1670,Thailand,2013,0.737
1671,Macedonia,2013,0.743
1672,Timor-Leste,2013,0.612
1673,Togo,2013,0.475
1674,Tonga,2013,0.716
1675,Trinidad and Tobago,2013,0.778
1676,Tunisia,2013,0.722
1677,Turkey,2013,0.759
1678,Turkmenistan,2013,0.6829999999999999
1679,Uganda,2013,0.483
1680,Ukraine,2013,0.746
1681,United Arab Emirates,2013,0.8320000000000001
1682,United Kingdom,2013,0.904
1683,United States,2013,0.9159999999999999
1684,Uruguay,2013,0.7909999999999999
1685,Uzbekistan,2013,0.69
1686,Vanuatu,2013,0.596
1687,Venezuela,2013,0.7709999999999999
1688,Vietnam,2013,0.675
1689,Yemen,2013,0.5
1690,Zambia,2013,0.57
1691,Zimbabwe,2013,0.498
1692,Afghanistan,2014,0.479
1693,Albania,2014,0.762
1694,Algeria,2014,0.743
1695,Andorra,2014,0.857
1696,Angola,2014,0.531
1697,Antigua and Barbuda,2014,0.784
1698,Argentina,2014,0.826
1699,Armenia,2014,0.741
1700,Australia,2014,0.937
1701,Austria,2014,0.892
1702,Azerbaijan,2014,0.758
1703,Bahamas,2014,0.79
1704,Bahrain,2014,0.823
1705,Bangladesh,2014,0.575
1706,Barbados,2014,0.794
1707,Belarus,2014,0.7979999999999999
1708,Belgium,2014,0.895
1709,Belize,2014,0.706
1710,Benin,2014,0.48100000000000004
1711,Bhutan,2014,0.604
1712,Bolivia,2014,0.6709999999999999
1713,Bosnia-Herzegovina,2014,0.747
1714,Botswana,2014,0.698
1715,Brazil,2014,0.754
1716,Brunei Darussalam,2014,0.8640000000000001
1717,Bulgaria,2014,0.792
1718,Burkina Faso,2014,0.39899999999999997
1719,Burundi,2014,0.406
1720,Cabo Verde,2014,0.6459999999999999
1721,Cambodia,2014,0.5579999999999999
1722,Cameroon,2014,0.514
1723,Canada,2014,0.919
1724,Central African Republic,2014,0.34700000000000003
1725,Chad,2014,0.39399999999999996
1726,Chile,2014,0.845
1727,China,2014,0.7340000000000001
1728,Colombia,2014,0.7240000000000001
1729,Comoros,2014,0.498
1730,Congo,2014,0.59
1731,DR Congo,2014,0.425
1732,Costa Rica,2014,0.775
1733,Croatia,2014,0.823
1734,Cuba,2014,0.773
1735,Cyprus,2014,0.8540000000000001
1736,Czech Republic,2014,0.875
1737,Ivory Coast,2014,0.466
1738,Denmark,2014,0.9229999999999999
1739,Djibouti,2014,0.47
1740,Dominica,2014,0.7240000000000001
1741,Dominican Republic,2014,0.718
1742,Ecuador,2014,0.7390000000000001
1743,Egypt,2014,0.688
1744,El Salvador,2014,0.6779999999999999
1745,Equatorial Guinea,2014,0.5820000000000001
1746,Eritrea,2014,0.418
1747,Estonia,2014,0.863
1748,Ethiopia,2014,0.441
1749,Fiji,2014,0.7340000000000001
1750,Finland,2014,0.893
1751,France,2014,0.894
1752,Gabon,2014,0.6940000000000001
1753,Gambia,2014,0.45
1754,Georgia,2014,0.768
1755,Germany,2014,0.924
1756,Ghana,2014,0.575
1757,Greece,2014,0.865
1758,Grenada,2014,0.7509999999999999
1759,Guatemala,2014,0.637
1760,Guinea,2014,0.414
1761,Guinea-Bissau,2014,0.42100000000000004
1762,Guyana,2014,0.638
1763,Haiti,2014,0.49
1764,Honduras,2014,0.623
1765,"Hong Kong, China (SAR)",2014,0.9159999999999999
1766,Hungary,2014,0.8340000000000001
1767,Iceland,2014,0.919
1768,India,2014,0.615
1769,Indonesia,2014,0.6859999999999999
1770,Iran,2014,0.774
1771,Iraq,2014,0.649
1772,Ireland,2014,0.92
1773,Israel,2014,0.898
1774,Italy,2014,0.8809999999999999
1775,Jamaica,2014,0.7290000000000001
1776,Japan,2014,0.902
1777,Jordan,2014,0.741
1778,Kazakhstan,2014,0.7929999999999999
1779,Kenya,2014,0.55
1780,Kiribati,2014,0.586
1781,Korea (Republic of),2014,0.899
1782,Kuwait,2014,0.799
1783,Kyrgyzstan,2014,0.662
1784,Laos,2014,0.5820000000000001
1785,Latvia,2014,0.828
1786,Lebanon,2014,0.763
1787,Lesotho,2014,0.495
1788,Liberia,2014,0.42700000000000005
1789,Libya,2014,0.7190000000000001
1790,Liechtenstein,2014,0.9109999999999999
1791,Lithuania,2014,0.846
1792,Luxembourg,2014,0.8959999999999999
1793,Madagascar,2014,0.511
1794,Malawi,2014,0.473
1795,Malaysia,2014,0.787
1796,Maldives,2014,0.701
1797,Mali,2014,0.43799999999999994
1798,Malta,2014,0.853
1799,Mauritania,2014,0.513
1800,Mauritius,2014,0.779
1801,Mexico,2014,0.758
1802,Micronesia (Federated States of),2014,0.637
1803,Moldova,2014,0.701
1804,Mongolia,2014,0.733
1805,Montenegro,2014,0.804
1806,Morocco,2014,0.645
1807,Mozambique,2014,0.414
1808,Myanmar,2014,0.552
1809,Namibia,2014,0.637
1810,Nepal,2014,0.555
1811,Netherlands,2014,0.9229999999999999
1812,New Zealand,2014,0.9129999999999999
1813,Nicaragua,2014,0.642
1814,Niger,2014,0.35100000000000003
1815,Nigeria,2014,0.525
1816,Norway,2014,0.948
1817,Oman,2014,0.795
1818,Pakistan,2014,0.5479999999999999
1819,Palau,2014,0.7829999999999999
1820,"Palestine, State of",2014,0.6779999999999999
1821,Panama,2014,0.785
1822,Papua New Guinea,2014,0.515
1823,Paraguay,2014,0.6920000000000001
1824,Peru,2014,0.737
1825,Philippines,2014,0.679
1826,Poland,2014,0.852
1827,Portugal,2014,0.841
1828,Qatar,2014,0.855
1829,Romania,2014,0.7979999999999999
1830,Russian Federation,2014,0.805
1831,Rwanda,2014,0.493
1832,Saint Kitts and Nevis,2014,0.762
1833,Saint Lucia,2014,0.735
1834,Saint Vincent and the Grenadines,2014,0.72
1835,Samoa,2014,0.7020000000000001
1836,Sao Tome and Principe,2014,0.565
1837,Saudi Arabia,2014,0.845
1838,Senegal,2014,0.491
1839,Serbia,2014,0.775
1840,Seychelles,2014,0.7809999999999999
1841,Sierra Leone,2014,0.431
1842,Singapore,2014,0.924
1843,Slovakia,2014,0.8420000000000001
1844,Slovenia,2014,0.888
1845,Solomon Islands,2014,0.514
1846,South Africa,2014,0.665
1847,South Sudan,2014,0.42100000000000004
1848,Spain,2014,0.882
1849,Sri Lanka,2014,0.764
1850,Sudan,2014,0.488
1851,Suriname,2014,0.723
1852,Swaziland,2014,0.541
1853,Sweden,2014,0.909
1854,Switzerland,2014,0.938
1855,Syrian Arab Republic,2014,0.5529999999999999
1856,Tajikistan,2014,0.625
1857,Tanzania,2014,0.519
1858,Thailand,2014,0.738
1859,Macedonia,2014,0.746
1860,Timor-Leste,2014,0.603
1861,Togo,2014,0.484
1862,Tonga,2014,0.718
1863,Trinidad and Tobago,2014,0.779
1864,Tunisia,2014,0.723
1865,Turkey,2014,0.764
1866,Turkmenistan,2014,0.688
1867,Uganda,2014,0.488
1868,Ukraine,2014,0.748
1869,United Arab Emirates,2014,0.836
1870,United Kingdom,2014,0.9079999999999999
1871,United States,2014,0.9179999999999999
1872,Uruguay,2014,0.794
1873,Uzbekistan,2014,0.6970000000000001
1874,Vanuatu,2014,0.598
1875,Venezuela,2014,0.769
1876,Vietnam,2014,0.6779999999999999
1877,Yemen,2014,0.499
1878,Zambia,2014,0.5760000000000001
1879,Zimbabwe,2014,0.507
1880,Afghanistan,2015,0.479
1881,Albania,2015,0.764
1882,Algeria,2015,0.745
1883,Andorra,2015,0.858
1884,Angola,2015,0.5329999999999999
1885,Antigua and Barbuda,2015,0.7859999999999999
1886,Argentina,2015,0.8270000000000001
1887,Armenia,2015,0.743
1888,Australia,2015,0.9390000000000001
1889,Austria,2015,0.893
1890,Azerbaijan,2015,0.759
1891,Bahamas,2015,0.792
1892,Bahrain,2015,0.8240000000000001
1893,Bangladesh,2015,0.579
1894,Barbados,2015,0.795
1895,Belarus,2015,0.7959999999999999
1896,Belgium,2015,0.8959999999999999
1897,Belize,2015,0.706
1898,Benin,2015,0.485
1899,Bhutan,2015,0.607
1900,Bolivia,2015,0.674
1901,Bosnia-Herzegovina,2015,0.75
1902,Botswana,2015,0.698
1903,Brazil,2015,0.754
1904,Brunei Darussalam,2015,0.865
1905,Bulgaria,2015,0.794
1906,Burkina Faso,2015,0.402
1907,Burundi,2015,0.40399999999999997
1908,Cabo Verde,2015,0.648
1909,Cambodia,2015,0.563
1910,Cameroon,2015,0.518
1911,Canada,2015,0.92
1912,Central African Republic,2015,0.35200000000000004
1913,Chad,2015,0.396
1914,Chile,2015,0.847
1915,China,2015,0.738
1916,Colombia,2015,0.727
1917,Comoros,2015,0.498
1918,Congo,2015,0.5920000000000001
1919,DR Congo,2015,0.435
1920,Costa Rica,2015,0.7759999999999999
1921,Croatia,2015,0.8270000000000001
1922,Cuba,2015,0.775
1923,Cyprus,2015,0.856
1924,Czech Republic,2015,0.878
1925,Ivory Coast,2015,0.474
1926,Denmark,2015,0.925
1927,Djibouti,2015,0.473
1928,Dominica,2015,0.726
1929,Dominican Republic,2015,0.722
1930,Ecuador,2015,0.7390000000000001
1931,Egypt,2015,0.691
1932,El Salvador,2015,0.68
1933,Equatorial Guinea,2015,0.5920000000000001
1934,Eritrea,2015,0.42
1935,Estonia,2015,0.865
1936,Ethiopia,2015,0.44799999999999995
1937,Fiji,2015,0.736
1938,Finland,2015,0.895
1939,France,2015,0.897
1940,Gabon,2015,0.6970000000000001
1941,Gambia,2015,0.452
1942,Georgia,2015,0.769
1943,Germany,2015,0.9259999999999999
1944,Ghana,2015,0.579
1945,Greece,2015,0.866
1946,Grenada,2015,0.754
1947,Guatemala,2015,0.64
1948,Guinea,2015,0.414
1949,Guinea-Bissau,2015,0.424
1950,Guyana,2015,0.638
1951,Haiti,2015,0.493
1952,Honduras,2015,0.625
1953,"Hong Kong, China (SAR)",2015,0.917
1954,Hungary,2015,0.836
1955,Iceland,2015,0.9209999999999999
1956,India,2015,0.624
1957,Indonesia,2015,0.6890000000000001
1958,Iran,2015,0.774
1959,Iraq,2015,0.649
1960,Ireland,2015,0.9229999999999999
1961,Israel,2015,0.899
1962,Italy,2015,0.887
1963,Jamaica,2015,0.73
1964,Japan,2015,0.903
1965,Jordan,2015,0.742
1966,Kazakhstan,2015,0.794
1967,Kenya,2015,0.555
1968,Kiribati,2015,0.588
1969,Korea (Republic of),2015,0.9009999999999999
1970,Kuwait,2015,0.8
1971,Kyrgyzstan,2015,0.664
1972,Laos,2015,0.586
1973,Latvia,2015,0.83
1974,Lebanon,2015,0.763
1975,Lesotho,2015,0.49700000000000005
1976,Liberia,2015,0.42700000000000005
1977,Libya,2015,0.716
1978,Liechtenstein,2015,0.912
1979,Lithuania,2015,0.848
1980,Luxembourg,2015,0.898
1981,Madagascar,2015,0.512
1982,Malawi,2015,0.47600000000000003
1983,Malaysia,2015,0.789
1984,Maldives,2015,0.701
1985,Mali,2015,0.442
1986,Malta,2015,0.856
1987,Mauritania,2015,0.513
1988,Mauritius,2015,0.7809999999999999
1989,Mexico,2015,0.762
1990,Micronesia (Federated States of),2015,0.638
1991,Moldova,2015,0.6990000000000001
1992,Mongolia,2015,0.735
1993,Montenegro,2015,0.807
1994,Morocco,2015,0.647
1995,Mozambique,2015,0.418
1996,Myanmar,2015,0.556
1997,Namibia,2015,0.64
1998,Nepal,2015,0.5579999999999999
1999,Netherlands,2015,0.924
2000,New Zealand,2015,0.915
2001,Nicaragua,2015,0.645
2002,Niger,2015,0.353
2003,Nigeria,2015,0.527
2004,Norway,2015,0.9490000000000001
2005,Oman,2015,0.7959999999999999
2006,Pakistan,2015,0.55
2007,Palau,2015,0.7879999999999999
2008,"Palestine, State of",2015,0.684
2009,Panama,2015,0.7879999999999999
2010,Papua New Guinea,2015,0.516
2011,Paraguay,2015,0.693
2012,Peru,2015,0.74
2013,Philippines,2015,0.682
2014,Poland,2015,0.855
2015,Portugal,2015,0.843
2016,Qatar,2015,0.856
2017,Romania,2015,0.802
2018,Russian Federation,2015,0.804
2019,Rwanda,2015,0.498
2020,Saint Kitts and Nevis,2015,0.765
2021,Saint Lucia,2015,0.735
2022,Saint Vincent and the Grenadines,2015,0.722
2023,Samoa,2015,0.7040000000000001
2024,Sao Tome and Principe,2015,0.574
2025,Saudi Arabia,2015,0.847
2026,Senegal,2015,0.494
2027,Serbia,2015,0.7759999999999999
2028,Seychelles,2015,0.782
2029,Sierra Leone,2015,0.42
2030,Singapore,2015,0.925
2031,Slovakia,2015,0.845
2032,Slovenia,2015,0.89
2033,Solomon Islands,2015,0.515
2034,South Africa,2015,0.6659999999999999
2035,South Sudan,2015,0.418
2036,Spain,2015,0.884
2037,Sri Lanka,2015,0.7659999999999999
2038,Sudan,2015,0.49
2039,Suriname,2015,0.725
2040,Swaziland,2015,0.541
2041,Sweden,2015,0.9129999999999999
2042,Switzerland,2015,0.9390000000000001
2043,Syrian Arab Republic,2015,0.536
2044,Tajikistan,2015,0.627
2045,Tanzania,2015,0.531
2046,Thailand,2015,0.74
2047,Macedonia,2015,0.748
2048,Timor-Leste,2015,0.606
2049,Togo,2015,0.48700000000000004
2050,Tonga,2015,0.721
2051,Trinidad and Tobago,2015,0.78
2052,Tunisia,2015,0.725
2053,Turkey,2015,0.767
2054,Turkmenistan,2015,0.6920000000000001
2055,Uganda,2015,0.493
2056,Ukraine,2015,0.743
2057,United Arab Emirates,2015,0.84
2058,United Kingdom,2015,0.91
2059,United States,2015,0.92
2060,Uruguay,2015,0.795
2061,Uzbekistan,2015,0.701
2062,Vanuatu,2015,0.597
2063,Venezuela,2015,0.767
2064,Vietnam,2015,0.6829999999999999
2065,Yemen,2015,0.48200000000000004
2066,Zambia,2015,0.579
2067,Zimbabwe,2015,0.516
